Cluster.ID,Base,position_1,position_2,position_3,position_4,position_5,position_6,position_7,position_8,position_9,position_10,position_11,position_12,position_13,position_14,position_15,position_16,position_17,position_18,position_19,position_20,position_21,position_22,position_23,position_24,position_25,position_26,position_27,position_28
1,A,0,2,0,0,0,2,2,2,0,0,0,2,0,2,0,2,0,0,0,2,2,0,0,0,0,0,0,0
1,C,0,0,0,2,0,0,0,0,2,2,2,0,0,0,0,0,0,0,0,0,0,0,2,0,0,0,0,0
1,G,0,0,0,0,2,0,0,0,0,0,0,0,2,0,2,0,0,0,0,0,0,0,0,2,0,0,0,0
1,T,2,0,2,0,0,0,0,0,0,0,0,0,0,0,0,0,2,2,2,0,0,2,0,0,0,0,0,0
2,A,0,7,0,0,0,7,7,0,0,0,7,7,7,0,7,0,7,0,0,0,7,7,0,0,0,0,0,0
2,C,0,0,0,7,0,0,0,7,7,7,0,0,0,0,0,0,0,0,0,0,0,0,0,7,0,0,0,0
2,G,0,0,0,0,7,0,0,0,0,0,0,0,0,7,0,7,0,0,0,0,0,0,0,0,7,0,0,0
2,T,7,0,7,0,0,0,0,0,0,0,0,0,0,0,0,0,0,7,7,7,0,0,7,0,0,0,0,0
3,A,0,23,0,1,0,23,23,23,0,0,0,23,23,23,0,23,0,23,0,0,23,23,0,0,0,0,0,0
3,C,0,0,0,22,0,0,0,0,23,23,23,0,0,0,0,0,0,0,0,0,0,0,0,23,0,0,0,0
3,G,0,0,0,0,23,0,0,0,0,0,0,0,0,0,23,0,23,0,0,0,0,0,0,0,23,0,0,0
3,T,23,0,23,0,0,0,0,0,0,0,0,0,0,0,0,0,0,0,23,23,0,0,23,0,0,0,0,0
4,A,0,3,0,0,0,3,3,3,0,0,0,3,3,3,0,3,0,3,0,0,0,3,3,0,0,0,0,0
4,C,0,0,0,3,0,0,0,0,3,3,3,0,0,0,0,0,0,0,0,0,0,0,0,0,3,0,0,0
4,G,0,0,0,0,3,0,0,0,0,0,0,0,0,0,3,0,3,0,0,0,0,0,0,0,0,0,0,0
4,T,3,0,3,0,0,0,0,0,0,0,0,0,0,0,0,0,0,0,3,3,3,0,0,3,0,0,0,0
5,A,0,6,0,0,0,6,6,6,0,0,0,6,6,0,6,0,6,0,0,0,6,6,0,0,0,0,0,0
5,C,0,0,0,6,0,0,0,0,6,6,6,0,0,0,0,0,0,0,0,0,0,0,0,6,0,0,0,0
5,G,0,0,0,0,5,0,0,0,0,0,0,0,0,6,0,6,0,0,0,0,0,0,0,0,6,0,0,0
5,T,6,0,6,0,1,0,0,0,0,0,0,0,0,0,0,0,0,6,6,6,0,0,6,0,0,0,0,0
6,A,0,1,0,0,0,1,1,1,0,0,0,1,1,1,0,1,0,1,0,0,0,1,0,0,0,0,0,0
6,C,0,0,0,1,0,0,0,0,1,1,1,0,0,0,0,0,0,0,0,0,0,0,0,1,0,0,0,0
6,G,0,0,0,0,1,0,0,0,0,0,0,0,0,0,1,0,1,0,0,0,0,0,0,0,1,0,0,0
6,T,1,0,1,0,0,0,0,0,0,0,0,0,0,0,0,0,0,0,1,1,1,0,1,0,0,0,0,0
7,A,0,5,0,0,0,5,5,5,0,0,5,5,5,0,5,0,5,0,0,0,5,5,0,0,0,0,0,0
7,C,0,0,0,5,0,0,0,0,5,5,0,0,0,0,0,0,0,0,0,0,0,0,0,5,0,0,0,0
7,G,0,0,0,0,5,0,0,0,0,0,0,0,0,5,0,5,0,0,0,0,0,0,0,0,5,0,0,0
7,T,5,0,5,0,0,0,0,0,0,0,0,0,0,0,0,0,0,5,5,5,0,0,5,0,0,0,0,0
8,A,0,0,0,0,0,0,1,1,0,0,0,1,1,1,0,1,0,1,0,0,0,0,1,0,0,1,0,0
8,C,0,0,0,1,0,1,0,0,1,1,1,0,0,0,0,0,0,0,0,0,0,0,0,0,1,0,0,0
8,G,0,0,0,0,1,0,0,0,0,0,0,0,0,0,1,0,1,0,0,0,0,0,0,0,0,0,0,0
8,T,1,1,1,0,0,0,0,0,0,0,0,0,0,0,0,0,0,0,1,1,1,1,0,1,0,0,0,0
9,A,0,1,1,0,0,0,1,1,0,0,0,0,1,1,0,1,0,1,0,0,0,1,1,0,0,0,0,0
9,C,0,0,0,1,0,0,0,0,1,1,1,1,0,0,0,0,0,0,0,0,0,0,0,0,0,0,0,0
9,G,0,0,0,0,1,0,0,0,0,0,0,0,0,0,1,0,1,0,0,0,0,0,0,0,1,1,0,0
9,T,1,0,0,0,0,1,0,0,0,0,0,0,0,0,0,0,0,0,1,1,1,0,0,1,0,0,0,0
10,A,0,0,0,0,0,0,1,0,0,0,0,0,0,0,0,0,0,0,0,0,0,0,0,0,0,0,0,0
10,C,0,0,0,1,0,1,0,1,1,1,1,1,1,1,0,0,0,0,0,0,0,0,1,0,1,0,0,0
10,G,0,0,0,0,1,0,0,0,0,0,0,0,0,0,1,1,1,1,0,0,0,0,0,0,0,1,0,0
10,T,1,1,1,0,0,0,0,0,0,0,0,0,0,0,0,0,0,0,1,1,1,1,0,1,0,0,0,0
11,A,0,1,1,0,0,0,1,1,0,0,0,1,1,1,0,1,0,1,0,0,0,0,1,0,0,0,0,0
11,C,0,0,0,1,0,1,0,0,1,1,1,0,0,0,0,0,0,0,0,0,0,0,0,0,1,0,0,0
11,G,0,0,0,0,1,0,0,0,0,0,0,0,0,0,1,0,1,0,0,0,0,0,0,0,0,1,0,0
11,T,1,0,0,0,0,0,0,0,0,0,0,0,0,0,0,0,0,0,1,1,1,1,0,1,0,0,0,0
12,A,0,1,0,0,0,1,1,1,0,1,0,1,1,1,0,1,0,1,0,0,0,1,0,0,0,0,0,0
12,C,0,0,0,1,0,0,0,0,1,0,1,0,0,0,0,0,0,0,0,0,0,0,0,0,0,0,0,0
12,G,0,0,0,0,0,0,0,0,0,0,0,0,0,0,1,0,1,0,0,0,0,0,0,0,1,1,0,0
12,T,1,0,1,0,1,0,0,0,0,0,0,0,0,0,0,0,0,0,1,1,1,0,1,1,0,0,0,0
13,A,0,0,0,0,1,8,8,8,0,0,0,8,8,8,0,8,0,8,0,0,0,8,8,0,0,0,0,0
13,C,0,0,0,8,0,0,0,0,8,8,8,0,0,0,0,0,0,0,0,0,0,0,0,0,8,0,0,0
13,G,0,8,0,0,7,0,0,0,0,0,0,0,0,0,8,0,8,0,0,0,0,0,0,0,0,8,0,0
13,T,8,0,8,0,0,0,0,0,0,0,0,0,0,0,0,0,0,0,8,8,8,0,0,8,0,0,0,0
14,A,2,0,2,0,2,2,2,2,2,2,0,0,2,2,0,0,0,0,0,0,0,0,0,0,0,2,0,0
14,C,0,0,0,0,0,0,0,0,0,0,2,0,0,0,0,0,0,0,0,0,0,0,0,0,0,0,0,0
14,G,0,0,0,0,0,0,0,0,0,0,0,2,0,0,0,0,0,0,0,0,0,0,2,0,0,0,0,0
14,T,0,2,0,2,0,0,0,0,0,0,0,0,0,0,2,2,2,2,2,2,2,2,0,2,2,0,0,0
15,A,0,1,0,1,1,1,1,1,0,0,0,1,1,1,0,0,0,1,0,0,0,1,1,0,0,0,0,0
15,C,1,0,0,0,0,0,0,0,1,1,1,0,0,0,0,1,0,0,0,0,0,0,0,0,1,1,0,0
15,G,0,0,0,0,0,0,0,0,0,0,0,0,0,0,0,0,1,0,0,0,0,0,0,0,0,0,0,0
15,T,0,0,1,0,0,0,0,0,0,0,0,0,0,0,1,0,0,0,1,1,1,0,0,1,0,0,0,0
16,A,0,1,0,0,0,0,0,1,0,0,0,1,1,1,0,1,0,1,0,0,0,1,0,0,0,0,0,0
16,C,0,0,0,1,0,1,1,0,1,1,1,0,0,0,0,0,0,0,0,0,0,0,1,1,1,0,0,0
16,G,0,0,0,0,1,0,0,0,0,0,0,0,0,0,1,0,1,0,0,0,0,0,0,0,0,1,0,0
16,T,1,0,1,0,0,0,0,0,0,0,0,0,0,0,0,0,0,0,1,1,1,0,0,0,0,0,0,0
17,A,0,0,0,5,5,5,0,0,0,5,5,5,0,5,0,5,0,0,0,5,5,0,0,0,0,0,0,0
17,C,0,0,0,0,0,0,5,5,5,0,0,0,0,0,0,0,0,0,0,0,0,0,5,0,0,0,0,0
17,G,0,0,5,0,0,0,0,0,0,0,0,0,5,0,5,0,0,0,0,0,0,0,0,5,5,5,0,0
17,T,5,5,0,0,0,0,0,0,0,0,0,0,0,0,0,0,5,5,5,0,0,5,0,0,0,0,0,0
18,A,0,0,2,2,2,0,0,0,2,2,2,0,2,0,2,0,0,0,2,2,0,0,0,0,0,0,0,0
18,C,2,0,0,0,0,2,2,2,0,0,0,0,0,0,0,0,0,0,0,0,0,2,0,0,0,0,0,0
18,G,0,2,0,0,0,0,0,0,0,0,0,2,0,2,0,0,0,0,0,0,0,0,2,2,2,0,0,0
18,T,0,0,0,0,0,0,0,0,0,0,0,0,0,0,0,2,2,2,0,0,2,0,0,0,0,2,0,0
19,A,1,0,0,1,0,1,1,0,1,1,0,0,1,1,1,0,0,0,1,0,0,0,0,0,0,1,0,0
19,C,0,0,1,0,1,0,0,0,0,0,1,0,0,0,0,1,0,0,0,0,0,1,0,0,1,0,0,0
19,G,0,0,0,0,0,0,0,0,0,0,0,0,0,0,0,0,0,1,0,0,0,0,0,0,0,0,0,0
19,T,0,1,0,0,0,0,0,1,0,0,0,1,0,0,0,0,1,0,0,1,1,0,1,1,0,0,0,0
20,A,0,27,0,0,1,27,27,27,0,0,0,27,27,27,0,27,0,27,0,0,0,27,27,0,0,0,0,0
20,C,0,0,0,27,0,0,0,0,27,13,0,0,0,0,0,0,1,0,0,0,0,0,0,0,27,0,0,0
20,G,0,0,0,0,26,0,0,0,0,0,0,0,0,0,27,0,26,0,0,0,0,0,0,0,0,27,0,0
20,T,27,0,27,0,0,0,0,0,0,14,27,0,0,0,0,0,0,0,27,27,27,0,0,27,0,0,0,0
21,A,6,24454,12,11,430,24398,24415,24405,9,12,10,24414,24409,24410,28,24420,7,24426,5,17,18,24422,24420,3,5,19,0,0
21,C,15,0,22,24332,7,6,7,19,24434,24430,24442,9,7,2,2,1,1,0,20,33,63,1,9,19,24254,3,0,0
21,G,1,0,1,1,24004,15,18,16,1,3,2,19,23,30,24422,16,24433,14,2,2,1,21,20,0,4,24420,0,0
21,T,24432,0,24419,110,13,35,14,14,10,9,0,12,15,12,2,17,13,14,24427,24402,24372,10,5,24432,191,12,0,0
22,A,0,1,0,0,0,0,0,0,0,0,0,1,1,1,0,1,0,1,0,0,0,1,1,0,0,0,0,0
22,C,0,0,0,1,0,0,0,0,1,0,1,0,0,0,0,0,0,0,0,0,0,0,0,0,1,0,0,0
22,G,0,0,0,0,1,0,0,0,0,1,0,0,0,0,1,0,1,0,1,0,0,0,0,0,0,1,0,0
22,T,1,0,1,0,0,1,1,1,0,0,0,0,0,0,0,0,0,0,0,1,1,0,0,1,0,0,0,0
23,A,0,1,1,0,1,1,1,1,0,0,0,1,1,0,0,1,0,1,0,0,0,1,1,0,0,0,0,0
23,C,0,0,0,1,0,0,0,0,1,1,1,0,0,0,0,0,0,0,0,0,0,0,0,1,1,0,0,0
23,G,0,0,0,0,0,0,0,0,0,0,0,0,0,0,1,0,1,0,0,0,0,0,0,0,0,1,0,0
23,T,1,0,0,0,0,0,0,0,0,0,0,0,0,1,0,0,0,0,1,1,1,0,0,0,0,0,0,0
24,A,0,0,0,1,0,1,1,0,1,1,1,0,0,0,0,1,0,0,1,0,0,1,0,0,0,0,0,0
24,C,0,0,0,0,0,0,0,0,0,0,0,1,0,0,1,0,0,1,0,0,0,0,0,0,0,0,0,0
24,G,0,1,0,0,0,0,0,0,0,0,0,0,0,0,0,0,0,0,0,0,0,0,0,1,0,1,0,0
24,T,1,0,1,0,1,0,0,1,0,0,0,0,1,1,0,0,1,0,0,1,1,0,1,0,1,0,0,0
25,A,0,2,0,2,0,2,2,2,1,0,0,2,2,2,0,2,0,2,0,0,0,2,2,0,2,0,0,0
25,C,0,0,0,0,0,0,0,0,1,2,2,0,0,0,0,0,0,0,0,0,0,0,0,0,0,0,0,0
25,G,0,0,0,0,2,0,0,0,0,0,0,0,0,0,2,0,0,0,0,0,0,0,0,0,0,2,0,0
25,T,2,0,2,0,0,0,0,0,0,0,0,0,0,0,0,0,2,0,2,2,2,0,0,2,0,0,0,0
26,A,0,1,1,0,0,1,1,1,0,0,0,1,1,1,0,0,0,0,0,0,0,1,1,1,0,0,0,0
26,C,0,0,0,1,1,0,0,0,1,1,1,0,0,0,0,1,1,0,0,0,0,0,0,0,1,0,0,0
26,G,0,0,0,0,0,0,0,0,0,0,0,0,0,0,1,0,0,0,0,0,0,0,0,0,0,1,0,0
26,T,1,0,0,0,0,0,0,0,0,0,0,0,0,0,0,0,0,1,1,1,1,0,0,0,0,0,0,0
27,A,0,1,0,0,0,1,1,1,0,0,0,1,1,1,0,1,0,1,0,0,0,1,1,0,1,0,0,0
27,C,0,0,0,1,0,0,0,0,1,1,0,0,0,0,0,0,0,0,0,0,0,0,0,0,0,0,0,0
27,G,0,0,0,0,0,0,0,0,0,0,0,0,0,0,0,0,0,0,0,0,0,0,0,0,0,1,0,0
27,T,1,0,1,0,1,0,0,0,0,0,1,0,0,0,1,0,1,0,1,1,1,0,0,1,0,0,0,0
28,A,0,1,0,0,0,1,1,1,0,0,0,0,0,1,0,0,0,1,0,0,0,0,1,0,0,0,0,0
28,C,0,0,0,1,0,0,0,0,1,1,1,0,1,0,0,0,0,0,0,0,0,0,0,0,1,0,0,0
28,G,0,0,0,0,1,0,0,0,0,0,0,0,0,0,1,0,1,0,0,0,0,0,0,0,0,1,0,0
28,T,1,0,1,0,0,0,0,0,0,0,0,1,0,0,0,1,0,0,1,1,1,1,0,1,0,0,0,0
29,A,1,0,0,0,0,5,5,5,0,0,0,5,5,5,0,4,0,5,1,0,0,5,5,0,0,0,0,0
29,C,0,0,0,5,0,0,0,0,5,5,5,0,0,0,0,0,0,0,0,0,0,0,0,1,5,0,0,0
29,G,0,0,0,0,5,0,0,0,0,0,0,0,0,0,5,1,5,0,0,0,0,0,0,0,0,5,0,0
29,T,4,5,5,0,0,0,0,0,0,0,0,0,0,0,0,0,0,0,4,5,5,0,0,4,0,0,0,0
30,A,0,0,2,2,0,2,2,2,2,0,2,0,2,2,2,0,0,0,0,0,0,0,0,0,0,2,0,0
30,C,2,2,0,0,2,0,0,0,0,2,0,2,0,0,0,0,2,0,0,0,0,0,0,0,0,0,0,0
30,G,0,0,0,0,0,0,0,0,0,0,0,0,0,0,0,0,0,0,2,0,0,2,0,2,0,0,0,0
30,T,0,0,0,0,0,0,0,0,0,0,0,0,0,0,0,2,0,2,0,2,2,0,2,0,2,0,0,0
31,A,0,0,0,1,0,1,1,1,0,0,0,0,1,1,0,1,1,1,1,0,0,1,0,1,0,0,0,0
31,C,0,0,0,0,1,0,0,0,1,1,1,1,0,0,0,0,0,0,0,0,0,0,1,0,1,0,0,0
31,G,0,1,0,0,0,0,0,0,0,0,0,0,0,0,1,0,0,0,0,0,0,0,0,0,0,1,0,0
31,T,1,0,1,0,0,0,0,0,0,0,0,0,0,0,0,0,0,0,0,1,1,0,0,0,0,0,0,0
32,A,0,1,0,0,0,1,1,1,0,0,0,1,1,1,0,1,0,1,0,0,0,1,0,0,0,0,0,0
32,C,0,0,1,1,0,0,0,0,1,1,1,0,0,0,0,0,0,0,0,0,0,0,0,0,0,0,0,0
32,G,0,0,0,0,1,0,0,0,0,0,0,0,0,0,1,0,1,0,0,0,0,0,0,1,1,1,0,0
32,T,1,0,0,0,0,0,0,0,0,0,0,0,0,0,0,0,0,0,1,1,1,0,1,0,0,0,0,0
33,A,0,0,16,687,687,687,0,0,1,686,688,688,0,688,1,686,0,1,1,689,688,0,0,0,0,1,0,0
33,C,0,689,0,0,0,0,689,689,687,1,0,0,1,1,0,0,0,1,2,0,1,0,685,0,0,0,0,0
33,G,0,0,672,1,2,1,0,0,0,2,1,1,688,0,688,3,0,0,0,0,0,0,0,689,689,686,0,0
33,T,689,0,1,1,0,1,0,0,1,0,0,0,0,0,0,0,689,687,686,0,0,689,4,0,0,2,0,0
34,A,43,0,0,2,43,43,43,0,0,1,43,43,43,0,42,0,43,0,0,0,43,42,0,0,0,0,0,0
34,C,0,0,39,0,0,0,0,43,43,42,0,0,0,0,1,0,0,0,0,0,0,1,0,43,0,0,0,0
34,G,0,0,0,41,0,0,0,0,0,0,0,0,0,43,0,43,0,0,0,0,0,0,0,0,43,43,0,0
34,T,0,43,4,0,0,0,0,0,0,0,0,0,0,0,0,0,0,43,43,43,0,0,43,0,0,0,0,0
35,A,0,1,0,0,0,1,0,0,0,0,0,1,1,1,0,1,0,1,0,0,0,1,1,0,0,0,0,0
35,C,1,0,0,1,0,0,1,1,1,1,1,0,0,0,0,0,0,0,0,0,0,0,0,0,1,1,0,0
35,G,0,0,0,0,1,0,0,0,0,0,0,0,0,0,1,0,1,0,0,0,0,0,0,0,0,0,0,0
35,T,0,0,1,0,0,0,0,0,0,0,0,0,0,0,0,0,0,0,1,1,1,0,0,1,0,0,0,0
36,A,0,1,0,0,0,0,1,1,0,0,0,1,1,1,0,0,0,0,0,0,0,1,1,0,0,0,0,0
36,C,0,0,0,1,0,0,0,0,1,1,1,0,0,0,0,0,0,0,0,0,0,0,0,0,1,0,0,0
36,G,0,0,0,0,1,0,0,0,0,0,0,0,0,0,1,0,1,0,0,0,0,0,0,0,0,1,0,0
36,T,1,0,1,0,0,1,0,0,0,0,0,0,0,0,0,1,0,1,1,1,1,0,0,1,0,0,0,0
37,A,1,1,1,0,0,0,1,1,1,0,1,0,1,0,0,0,1,1,0,0,0,0,0,0,1,0,0,0
37,C,0,0,0,1,1,1,0,0,0,0,0,0,0,0,0,0,0,0,0,1,0,0,0,0,0,1,0,0
37,G,0,0,0,0,0,0,0,0,0,1,0,1,0,0,0,0,0,0,0,0,1,1,1,0,0,0,0,0
37,T,0,0,0,0,0,0,0,0,0,0,0,0,0,1,1,1,0,0,1,0,0,0,0,1,0,0,0,0
38,A,0,1,0,0,0,1,1,1,0,0,0,1,1,1,0,1,0,1,0,0,0,1,1,0,0,0,0,0
38,C,0,0,0,1,0,0,0,0,1,1,1,0,0,0,0,0,0,0,0,0,0,0,0,0,1,0,0,0
38,G,0,0,0,0,1,0,0,0,0,0,0,0,0,0,1,0,1,0,0,0,0,0,0,0,0,1,1,0
38,T,1,0,1,0,0,0,0,0,0,0,0,0,0,0,0,0,0,0,1,1,1,0,0,1,0,0,0,0
39,A,0,1,0,0,0,1,1,1,0,0,0,1,1,1,0,1,0,1,0,0,0,1,1,0,0,0,0,0
39,C,0,0,0,1,0,0,0,0,1,1,1,0,0,0,0,0,0,0,0,0,0,0,0,0,1,0,0,0
39,G,0,0,0,0,1,0,0,0,0,0,0,0,0,0,1,0,1,0,0,0,0,0,0,0,0,1,1,1
39,T,1,0,1,0,0,0,0,0,0,0,0,0,0,0,0,0,0,0,1,1,1,0,0,1,0,0,0,0
